Stand-alone,Exclusive
Customizable,Ergonomic
info-mediaries,model
Fundamental,fresh-thinking
pricing structure,empowering
incremental,intangible
methodology,Multi-lateral
firmware,function
focus group,migration
concept,Universal
Function-based,cohesive
Future-proofed,encoding
contextually-based,zero defect
Streamlined,circuit
composite,product
firmware,Automated
Object-based,responsive
Virtual,Profound
intranet,projection
directional,explicit
website,intranet
high-level,Virtual
intermediate,demand-driven
neutral,attitude-oriented
encompassing,Progressive
24/7,Ameliorated
approach,emulation
user-facing,human-resource
Object-based,Re-engineered
object-oriented,model
Reduced,next generation
Automated,systematic
Extended,moderator
circuit,encoding
Switchable,dynamic
upward-trending,budgetary management
radical,Up-sized
forecast,impactful
Multi-tiered,Upgradable
Fundamental,Fundamental
Vision-oriented,Horizontal
website,intermediate
incremental,success
Ergonomic,client-server
budgetary management,Function-based
Configurable,productivity
Persevering,groupware
Advanced,Devolved
Optimized,Multi-lateral
budgetary management,Right-sized
task-force,fresh-thinking
radical,algorithm
policy,Exclusive
eco-centric,Multi-layered
4th generation,Secured
orchestration,Front-line
adapter,Streamlined
national,24 hour
Open-architected,hardware
analyzing,Organized
directional,task-force
mobile,budgetary management
24/7,4th generation
empowering,Expanded
Distributed,policy
Monitored,Vision-oriented
Versatile,multi-state
Organic,logistical
Synergistic,systematic
portal,Switchable
open system,Multi-layered
tertiary,Programmable
hub,customer loyalty
utilisation,moderator
Triple-buffered,local
zero defect,protocol
Reverse-engineered,Synergistic
6th generation,projection
Reduced,neutral
actuating,Business-focused
De-engineered,solution
implementation,Switchable
hub,artificial intelligence
function,Balanced
Versatile,policy
task-force,open architecture
real-time,stable
service-desk,solution-oriented
benchmark,productivity
system-worthy,Robust
3rd generation,didactic
empowering,Multi-layered
exuding,superstructure
neutral,moratorium
Graphic Interface,homogeneous
Sharable,Horizontal
Polarised,Optional
Enterprise-wide,mission-critical
Horizontal,context-sensitive
infrastructure,Extended
foreground,client-server
Diverse,Re-contextualized
projection,algorithm
methodical,intranet
